,vendor_id,city_name,specialisation,successful_orders,fail_orders,reorders,model_score
0,28957,Архангельск,Супы,0.0,2.0,0.0,0.42187112942337995
1,37381,Архангельск,Пироги,0.0,0.0,0.0,0.38650284195318796
2,28703,Архангельск,Суши,111.0,3.0,0.0,0.664807590655982
3,37382,Архангельск,Пироги,1.0,0.0,0.0,0.8388831908814609
4,36877,Архангельск,Бургеры,22.0,2.0,0.0,0.17646945780143106
5,37650,Архангельск,Суши,3.0,0.0,0.0,0.610479769762605
6,37127,Астрахань,Суши,55.0,5.0,6.0,0.49495686823502205
7,28476,Астрахань,Суши,342.0,13.0,14.0,0.430523219052702
8,28478,Астрахань,Суши,194.0,1.0,7.0,0.39087488502264
9,34127,Астрахань,Пицца,136.0,4.0,1.0,0.7152111600153149
10,28477,Астрахань,Суши,74.0,1.0,1.0,0.0846854550763965
11,36291,Астрахань,Суши,23.0,1.0,2.0,0.21793526690453302
12,37437,Астрахань,Шашлыки,112.0,1.0,0.0,0.598969302140176
13,28517,Астрахань,Пицца,142.0,4.0,4.0,0.00788351893424988
14,29027,Астрахань,Суши,5.0,0.0,0.0,0.913637445308268
15,37128,Астрахань,Пицца,12.0,2.0,0.0,0.656346661970019
16,28548,Астрахань,Пицца,79.0,1.0,2.0,0.5068825241178271
17,33322,Астрахань,Суши,0.0,1.0,1.0,0.988309176638722
18,28515,Астрахань,Пицца,192.0,1.0,0.0,0.9086218210868541
19,28473,Астрахань,Суши,98.0,3.0,1.0,0.814876571297646
20,37563,Барнаул,Пироги,4.0,1.0,0.0,0.33897726656869104
21,13235,Барнаул,Пицца,37.0,0.0,0.0,0.8996797422878441
22,37071,Барнаул,Шашлыки,12.0,0.0,0.0,0.9778377548791469
23,36097,Барнаул,Шашлыки,7.0,1.0,1.0,0.0433509442955256
24,36197,Барнаул,Выпечка,3.0,1.0,0.0,0.711514989379793
25,19795,Барнаул,Суши,881.0,7.0,4.0,0.132496043574065
26,10892,Барнаул,Суши,84.0,2.0,0.0,0.0474497792311013
27,18166,Барнаул,Шашлыки,98.0,4.0,3.0,0.178783926647156
28,13191,Барнаул,Пицца,105.0,0.0,1.0,0.7612107601016759
29,35749,Барнаул,Пицца,80.0,0.0,1.0,0.146631358191371
30,9255,Барнаул,Суши,52.0,0.0,1.0,0.47626621089875704
31,13236,Барнаул,Пицца,76.0,3.0,0.0,0.562911783810705
32,10036,Барнаул,Шашлыки,92.0,0.0,0.0,0.22099369857460302
33,36753,Барнаул,Суши,109.0,2.0,0.0,0.7786833317950369
34,35330,Белгород,Суши,49.0,0.0,1.0,0.098195256665349
35,35602,Белгород,Суши,203.0,10.0,6.0,0.282737982925028
36,31896,Белгород,Шашлыки,166.0,5.0,3.0,0.609198740683496
37,11474,Белгород,Суши,663.0,10.0,13.0,0.6772750117816031
38,37234,Белгород,Пицца,45.0,1.0,0.0,0.39929951587691903
39,36060,Белгород,Суши,416.0,4.0,3.0,0.184262306429446
40,15822,Белгород,Японская,183.0,1.0,1.0,0.24342155409976798
41,35477,Белгород,Русская,158.0,1.0,2.0,0.812109411694109
42,36254,Белгород,Пироги,14.0,0.0,0.0,0.547686032019556
43,11476,Белгород,Суши,460.0,4.0,10.0,0.551830464508384
44,35804,Белгород,Пицца,27.0,1.0,0.0,0.7791931829415258
45,37823,Белгород,Шаурма,0.0,1.0,2.0,0.9708489566110071
46,11471,Белгород,Суши,177.0,1.0,6.0,0.518640712369233
47,26825,Белгород,Шашлыки,288.0,5.0,6.0,0.7690235003829001
48,13553,Брянск,Пицца,320.0,1.0,4.0,0.326144092716277
49,36386,Брянск,Суши,65.0,0.0,0.0,0.0983498729765415
50,36153,Брянск,Шашлыки,177.0,1.0,4.0,0.526095267850906
51,36885,Брянск,Суши,84.0,0.0,1.0,0.771374447271228
52,33111,Брянск,Суши,266.0,1.0,2.0,0.310202219989151
53,35712,Брянск,Пицца,235.0,6.0,2.0,0.811761946883053
54,9285,Брянск,Суши,1029.0,9.0,19.0,0.98491885047406
55,37587,Брянск,Русская,4.0,1.0,4.0,0.6646757097914809
56,13549,Брянск,Пицца,207.0,1.0,1.0,0.34983237227425
57,9290,Брянск,Суши,300.0,7.0,6.0,0.288069103378803
58,9289,Брянск,Суши,90.0,2.0,0.0,0.308463675435632
59,22683,Брянск,Суши,73.0,1.0,4.0,0.5331457708962261
60,13554,Брянск,Пицца,279.0,5.0,7.0,0.186569302342832
61,22678,Брянск,Суши,154.0,6.0,3.0,0.741766658145934
62,10128,Владивосток,Суши,140.0,3.0,1.0,0.348040074575692
63,37698,Владивосток,Суши,37.0,1.0,0.0,0.132586075924337
64,37571,Владивосток,Пицца,2.0,0.0,0.0,0.303488282486796
65,29317,Владивосток,Пицца,107.0,1.0,0.0,0.7583668711595241
66,37685,Владивосток,Суши,11.0,0.0,0.0,0.7937833797186609
67,15481,Владивосток,Шашлыки,33.0,0.0,0.0,0.44758216058835404
68,36771,Владивосток,Суши,5.0,0.0,0.0,0.0454181497916579
69,30017,Владивосток,Десерты,4.0,4.0,1.0,0.510689786169678
70,37330,Владивосток,Пицца,1.0,0.0,0.0,0.16663904581219
71,13701,Владивосток,Пицца,83.0,2.0,0.0,0.596052309498191
72,28860,Владивосток,Суши,159.0,4.0,3.0,0.514055068604648
73,37411,Владивосток,Пироги,0.0,1.0,2.0,0.357616991270334
74,36005,Владивосток,Суши,29.0,0.0,0.0,0.11998815322294802
75,30941,Владивосток,Грузинская,17.0,2.0,0.0,0.604141052346677
76,37759,Владимир,Суши,19.0,0.0,0.0,0.857734922319651
77,37019,Владимир,Рыба,51.0,0.0,1.0,0.296276123262942
78,36715,Владимир,Бургеры,3.0,0.0,0.0,0.7427885355427858
79,25080,Владимир,Рыба,19.0,1.0,0.0,0.8905718917958442
80,36954,Владимир,Бургеры,32.0,1.0,0.0,0.419370008632541
81,35975,Владимир,Пицца,43.0,0.0,2.0,0.5203626318834721
82,37338,Владимир,Суши,21.0,7.0,7.0,0.9510154277086259
83,12575,Владимир,Пицца,182.0,1.0,0.0,0.778163583017886
84,9214,Владимир,Японская,105.0,7.0,3.0,0.27577125234529404
85,18107,Владимир,Суши,28.0,4.0,3.0,0.661984383594245
86,36656,Владимир,Паназиатская,38.0,1.0,0.0,0.152008259203285
87,37292,Владимир,Бургеры,52.0,2.0,1.0,0.075421798042953
88,37072,Владимир,Рыба,20.0,0.0,0.0,0.139379689004272
89,19646,Владимир,Бургеры,108.0,3.0,2.0,0.17855356354266397
90,35979,Волгоград,Пицца,156.0,1.0,0.0,0.6373439175076779
91,7619,Волгоград,Суши,207.0,2.0,3.0,0.9426437206566329
92,25033,Волгоград,Суши,10.0,2.0,1.0,0.492803462315351
93,37161,Волгоград,Суши,44.0,2.0,1.0,0.198720237705857
94,35326,Волгоград,Пицца,92.0,2.0,1.0,0.578735277522355
95,24121,Волгоград,Пицца,445.0,24.0,25.0,0.0886504123918712
96,36178,Волгоград,Русская,7.0,0.0,2.0,0.74865788128227
97,36313,Волгоград,Русская,7.0,0.0,0.0,0.5383821520954369
98,37364,Волгоград,Суши,258.0,3.0,5.0,0.517854654695839
99,33456,Волгоград,Суши,226.0,4.0,2.0,0.00507928198203444
100,35677,Волгоград,Суши,53.0,1.0,2.0,0.214410047978163
101,27881,Волгоград,Корейская,9.0,1.0,0.0,0.616865748073906
102,37163,Волгоград,Суши,80.0,1.0,0.0,0.9678963199257851
103,1847,Волгоград,Пицца,0.0,0.0,0.0,0.725861701648682
104,36629,Волжский,Суши,18.0,1.0,2.0,0.10668191965669399
105,37295,Волжский,Суши,42.0,0.0,0.0,0.319528709165752
106,30830,Волжский,Пицца,212.0,9.0,15.0,0.33592808060347995
107,36638,Волжский,Суши,227.0,1.0,0.0,0.48445004597306296
108,30746,Волжский,Суши,441.0,6.0,4.0,0.19900547945871902
109,28738,Волжский,Суши,89.0,1.0,1.0,0.628079598769546
110,27962,Волжский,Суши,135.0,1.0,1.0,0.446024777367711
111,29208,Волжский,Пицца,17.0,0.0,0.0,0.586637983564287
112,30724,Волжский,Пицца,263.0,4.0,5.0,0.5929264025762679
113,37294,Волжский,Суши,95.0,0.0,1.0,0.9239223380573091
114,35769,Волжский,Суши,80.0,1.0,0.0,0.33070741454139396
115,36245,Волжский,Пицца,80.0,0.0,3.0,0.9372205547988409
116,30745,Волжский,Суши,369.0,4.0,7.0,0.19351202202960802
117,30723,Волжский,Суши,34.0,1.0,3.0,0.9708938007242979
118,37526,Вологда,Бургеры,4.0,0.0,0.0,0.70518544735387
119,37527,Вологда,Бургеры,7.0,0.0,2.0,0.41594102559611207
120,37535,Вологда,Суши,23.0,0.0,0.0,0.0808586170896888
121,28134,Воронеж,Суши,16.0,1.0,7.0,0.867642431985587
122,37139,Воронеж,Пицца,36.0,1.0,0.0,0.13070325180888198
123,28516,Воронеж,Суши,98.0,5.0,2.0,0.510092610493302
124,23646,Воронеж,Пицца,25.0,0.0,1.0,0.435589527245611
125,23639,Воронеж,Пицца,4.0,1.0,0.0,0.0926853315904737
126,26741,Воронеж,Суши,1.0,0.0,0.0,0.599984305910766
127,37635,Воронеж,Пицца,32.0,8.0,0.0,0.9100664379075171
128,37502,Воронеж,Шаурма,3.0,0.0,0.0,0.636584346182644
129,36991,Воронеж,Суши,6.0,2.0,0.0,0.0571458730846643
130,36998,Воронеж,Суши,8.0,0.0,0.0,0.049616863951087005
131,12681,Воронеж,Супы,252.0,1.0,1.0,0.46061308216303604
132,23684,Воронеж,Японская,4.0,0.0,0.0,0.949307169765234
133,20479,Воронеж,Суши,45.0,0.0,1.0,0.299442450981587
134,7354,Воронеж,Пицца,546.0,4.0,6.0,0.065760750323534
135,37248,Егорьевск,Бургеры,10.0,1.0,1.0,0.437522884923965
136,36793,Егорьевск,Суши,1.0,0.0,0.0,0.9228175915777679
137,35686,Егорьевск,Суши,1.0,0.0,0.0,0.439847990870476
138,30787,Екатеринбург,Бургеры,140.0,7.0,8.0,0.0422651441767812
139,31163,Екатеринбург,Рыба,0.0,0.0,0.0,0.9141185735352341
140,31406,Екатеринбург,Шаурма,5.0,0.0,0.0,0.5752966753207149
141,22611,Екатеринбург,Пицца,55.0,2.0,1.0,0.365936356130987
142,19951,Екатеринбург,Пироги,5.0,1.0,0.0,0.277890312951058
143,21630,Екатеринбург,Русская,5.0,0.0,0.0,0.951889208052307
144,33131,Екатеринбург,Шашлыки,4.0,0.0,0.0,0.7679506768472489
145,33976,Екатеринбург,Суши,327.0,46.0,65.0,0.000524994451552629
146,31729,Екатеринбург,Китайская,12.0,0.0,0.0,0.845791393890977
147,7141,Екатеринбург,Суши,930.0,13.0,12.0,0.36675763456150895
148,21390,Екатеринбург,Суши,1.0,0.0,0.0,0.9841896630823609
149,8318,Екатеринбург,Итальянская,112.0,0.0,0.0,0.506855850573629
150,35468,Екатеринбург,Хот-доги,4.0,0.0,1.0,0.458279349841177
151,11511,Екатеринбург,Суши,37.0,1.0,1.0,0.966344345826656
152,37443,Иваново,Суши,14.0,0.0,0.0,0.7669655354693531
153,37604,Иваново,Пицца,14.0,1.0,2.0,0.672685252968222
154,37177,Иваново,Бургеры,34.0,1.0,2.0,0.635978288017213
155,37622,Иваново,Пицца,7.0,0.0,0.0,0.878558643162251
156,37898,Иваново,Суши,0.0,0.0,0.0,0.8898740434087808
157,37178,Иваново,Бургеры,1.0,1.0,0.0,0.86629529716447
158,37641,Иваново,Суши,14.0,1.0,0.0,0.55836892593652
159,37449,Иваново,Суши,16.0,0.0,1.0,0.698258996475488
160,37451,Иваново,Суши,42.0,0.0,1.0,0.923331948928535
161,37439,Иваново,Пицца,18.0,0.0,2.0,0.12791159003973
162,29384,Ижевск,Суши,30.0,1.0,2.0,0.649284087587148
163,8687,Ижевск,Японская,297.0,1.0,0.0,0.796497245784849
164,30969,Ижевск,Суши,54.0,1.0,0.0,0.95902565959841
165,31770,Ижевск,Суши,2.0,0.0,0.0,0.712961472570896
166,36614,Ижевск,Пицца,82.0,1.0,0.0,0.910394926089793
167,37796,Ижевск,Мясо,9.0,0.0,0.0,0.709777284413576
168,36645,Ижевск,Суши,6.0,4.0,3.0,0.9900151593610641
169,36115,Ижевск,Пироги,8.0,0.0,0.0,0.6519914362579581
170,29364,Ижевск,Паста и ризотто,66.0,3.0,2.0,0.775486291851848
171,37121,Ижевск,Суши,158.0,3.0,1.0,0.538610735908151
172,9328,Ижевск,Бургеры,49.0,1.0,0.0,0.32681536348536605
173,28461,Ижевск,Десерты,13.0,0.0,1.0,0.0551202893257141
174,21075,Ижевск,Суши,339.0,2.0,1.0,0.173584579024464
175,21345,Ижевск,Рыба,307.0,2.0,3.0,0.493757226038724
176,25316,Иркутск,Суши,90.0,1.0,1.0,0.0253598908893764
177,20741,Иркутск,Паста и ризотто,44.0,1.0,0.0,0.576133996248245
178,35741,Иркутск,Суши,4.0,0.0,0.0,0.508649209048599
179,12461,Иркутск,Мексиканская,33.0,1.0,0.0,0.10222896793857199
180,24078,Иркутск,Суши,109.0,3.0,1.0,0.046402788721025
181,29928,Иркутск,Суши,54.0,1.0,0.0,0.852387845050544
182,8557,Иркутск,Суши,697.0,8.0,17.0,0.351368289906532
183,26672,Иркутск,Пицца,10.0,0.0,0.0,0.935489677358419
184,12678,Иркутск,Бургеры,37.0,0.0,0.0,0.989555662963539
185,32198,Иркутск,Суши,50.0,3.0,1.0,0.867939063813537
186,28144,Иркутск,Суши,60.0,1.0,2.0,0.746442738454789
187,28387,Иркутск,Суши,111.0,1.0,0.0,0.45515004824847
188,24672,Иркутск,Шашлыки,12.0,0.0,0.0,0.43601799011230497
189,35724,Иркутск,Суши,2.0,0.0,0.0,0.642357645556331
190,37175,Йошкар-Ола,Бургеры,24.0,1.0,0.0,0.291147080715746
191,37448,Йошкар-Ола,Суши,30.0,0.0,0.0,0.5578022673726079
192,37176,Йошкар-Ола,Бургеры,5.0,0.0,0.0,0.359701845794916
193,6198,Казань,Китайская,190.0,5.0,4.0,0.9936231072060759
194,3216,Казань,Рыба,315.0,4.0,6.0,0.739662567153573
195,34161,Казань,Суши,13.0,0.0,1.0,0.39363100891932795
196,9898,Казань,Рыба,1.0,0.0,0.0,0.697004525456578
197,37734,Казань,Бургеры,15.0,0.0,0.0,0.8706010263413191
198,5891,Казань,Бургеры,21.0,6.0,2.0,0.51657756511122
199,35387,Казань,Выпечка,6.0,0.0,0.0,0.351848899852484
200,35632,Казань,Суши,4.0,1.0,1.0,0.879762578755617
201,16227,Казань,Суши,330.0,1.0,0.0,0.990094879642129
202,14001,Казань,Суши,34.0,0.0,0.0,0.989555568434298
203,35633,Казань,Суши,436.0,2.0,1.0,0.162617265246809
204,27045,Казань,Пицца,7.0,0.0,0.0,0.8798023974522949
205,27115,Казань,Выпечка,11.0,2.0,1.0,0.14749502344057
206,22652,Казань,Рыба,302.0,3.0,0.0,0.452668986283243
207,23012,Калининград,Суши,182.0,1.0,1.0,0.726712389849126
208,13091,Калининград,Суши,35.0,5.0,1.0,0.9476779554970559
209,12663,Калининград,Пицца,157.0,2.0,0.0,0.485292716883123
210,15759,Калининград,Пицца,63.0,2.0,2.0,0.5115667991340159
211,37434,Калининград,Суши,7.0,0.0,0.0,0.681561321485788
212,37435,Калининград,Суши,3.0,0.0,0.0,0.8972562728449699
213,25545,Калининград,Суши,21.0,1.0,1.0,0.6058942554518579
214,36836,Калининград,Китайская,47.0,1.0,0.0,0.8280713711865251
215,37644,Калининград,Суши,12.0,0.0,0.0,0.402903040405363
216,37433,Калининград,Суши,8.0,0.0,3.0,0.841141933575273
217,37772,Калининград,Пицца,7.0,1.0,0.0,0.114797863177955
218,37696,Калининград,Русская,3.0,0.0,0.0,0.00801915349438787
219,27197,Калининград,Рыба,26.0,0.0,0.0,0.9555025175213809
220,28607,Калининград,Пицца,172.0,6.0,2.0,0.449758090544492
221,8442,Калуга,Пицца,352.0,5.0,6.0,0.604722443502396
222,36612,Калуга,Пицца,20.0,1.0,0.0,0.687598371878266
223,26402,Калуга,Пицца,16.0,3.0,2.0,0.17087213275954097
224,33354,Калуга,Пицца,200.0,4.0,1.0,0.896837963256985
225,32821,Калуга,Пицца,4.0,0.0,1.0,0.596666955854744
226,10727,Калуга,Шашлыки,48.0,1.0,2.0,0.44487302331253903
227,32823,Калуга,Суши,18.0,2.0,0.0,0.0226279930211604
228,18644,Калуга,Русская,11.0,0.0,0.0,0.138365658465773
229,25443,Калуга,Суши,65.0,3.0,5.0,0.78478932660073
230,30067,Калуга,Рыба,40.0,0.0,1.0,0.00290176225826144
231,8721,Калуга,Суши,15.0,0.0,1.0,0.6493999883532521
232,17525,Калуга,Пироги,3.0,2.0,1.0,0.26998174143955106
233,8478,Калуга,Пицца,144.0,2.0,2.0,0.655277455691248
234,12983,Калуга,Пицца,338.0,4.0,4.0,0.699385112617165
235,30366,Кемерово,Десерты,22.0,0.0,0.0,0.46884181350469606
236,15308,Кемерово,Суши,330.0,4.0,2.0,0.137276122812182
237,37469,Кемерово,Шашлыки,3.0,0.0,0.0,0.0750986519269645
238,36725,Кемерово,Суши,20.0,0.0,0.0,0.5517286211252211
239,16414,Кемерово,Японская,143.0,1.0,0.0,0.171768325380981
240,37278,Кемерово,Суши,57.0,1.0,3.0,0.42874661833047906
241,37758,Кемерово,Суши,26.0,0.0,0.0,0.124682052526623
242,27848,Кемерово,Суши,91.0,1.0,3.0,0.321681260131299
243,35811,Кемерово,Пицца,65.0,3.0,4.0,0.39396750042215006
244,36101,Кемерово,Пицца,117.0,0.0,1.0,0.79742007702589
245,27843,Кемерово,Суши,72.0,0.0,3.0,0.579910192172974
246,36222,Кемерово,Узбекская,25.0,0.0,1.0,0.22249881783500303
247,27598,Кемерово,Бургеры,19.0,0.0,0.0,0.7979907956905659
248,12493,Кемерово,Русская,9.0,0.0,0.0,0.0264233089983463
249,30820,Кострома,Суши,44.0,4.0,1.0,0.835357077419758
250,30826,Кострома,Пицца,34.0,2.0,1.0,0.492805330082774
251,30823,Кострома,Суши,40.0,0.0,0.0,0.262761793099344
252,37810,Кострома,Суши,0.0,0.0,0.0,0.140547083690763
253,37582,Кострома,Японская,13.0,0.0,0.0,0.920049916487187
254,37813,Кострома,Суши,0.0,0.0,0.0,0.0104797594249249
255,36358,Кострома,Суши,49.0,2.0,3.0,0.16420663148164702
256,35862,Кострома,Суши,19.0,1.0,0.0,0.517785530537367
257,30825,Кострома,Пицца,49.0,4.0,2.0,0.822340859565884
258,37812,Кострома,Суши,1.0,0.0,0.0,0.37638126173988
259,33945,Кострома,Пицца,18.0,1.0,0.0,0.352977706585079
260,35864,Кострома,Суши,13.0,1.0,0.0,0.623726582620293
261,33058,Кострома,Пицца,43.0,1.0,1.0,0.909805747680366
262,36154,Кострома,Суши,49.0,2.0,0.0,0.581574704032391
263,35817,Краснодар,Пицца,4.0,0.0,2.0,0.7677117916755379
264,32030,Краснодар,Суши,158.0,6.0,5.0,0.7716017649509008
265,37329,Краснодар,Суши,31.0,1.0,1.0,0.393356217071414
266,7812,Краснодар,Японская,192.0,3.0,3.0,0.41786025138571903
267,6520,Краснодар,Суши,1300.0,70.0,65.0,0.32793894130736606
268,36811,Краснодар,Шашлыки,18.0,4.0,8.0,0.129557414911687
269,25272,Краснодар,Мясо,29.0,2.0,2.0,0.7244758969172841
270,36084,Краснодар,Пицца,0.0,0.0,2.0,0.9386763442307711
271,35830,Краснодар,Суши,0.0,0.0,1.0,0.682509030681103
272,22933,Краснодар,Гирос,682.0,9.0,3.0,0.982021285686642
273,37649,Краснодар,Шашлыки,0.0,2.0,1.0,0.0917856795713305
274,15107,Краснодар,Пицца,28.0,1.0,1.0,0.10580818122252801
275,14518,Краснодар,Выпечка,20.0,0.0,0.0,0.727482541464269
276,36070,Краснодар,Пицца,106.0,1.0,0.0,0.316323270089924
277,31407,Красноярск,Суши,135.0,1.0,1.0,0.531384057365358
278,26168,Красноярск,Индийская,1.0,0.0,0.0,0.39055611006915597
279,16376,Красноярск,Рыба,105.0,4.0,1.0,0.925501299090683
280,29200,Красноярск,Пицца,16.0,0.0,0.0,0.0960380369797349
281,17448,Красноярск,Шашлыки,130.0,1.0,3.0,0.45869611483067296
282,27852,Красноярск,Суши,76.0,2.0,1.0,0.37065574247390004
283,26136,Красноярск,Сэндвичи,0.0,0.0,1.0,0.6513995076529681
284,25792,Красноярск,Суши,211.0,4.0,1.0,0.0888512758538127
285,26179,Красноярск,Индийская,0.0,1.0,0.0,0.6956051634624599
286,31411,Красноярск,Суши,73.0,3.0,0.0,0.568336122203618
287,35555,Красноярск,Мясо,7.0,0.0,1.0,0.999881605617702
288,31413,Красноярск,Суши,45.0,1.0,1.0,0.5002021207474171
289,26166,Красноярск,Индийская,0.0,2.0,0.0,0.44825857924297496
290,27844,Красноярск,Суши,86.0,11.0,3.0,0.6911368295550351
291,34861,Курск,Суши,400.0,2.0,0.0,0.735196159221232
292,30356,Курск,Суши,70.0,0.0,0.0,0.7773061208426949
293,31262,Курск,Пицца,202.0,6.0,7.0,0.619499754160643
294,37107,Курск,Бургеры,77.0,0.0,0.0,0.16331765940412898
295,36519,Курск,Суши,24.0,0.0,2.0,0.284744561649859
296,22903,Курск,Рыба,118.0,1.0,3.0,0.703572555910796
297,24130,Курск,Пицца,270.0,8.0,10.0,0.662925557233393
298,37217,Курск,Бургеры,67.0,1.0,0.0,0.26471728924661897
299,35781,Курск,Суши,259.0,2.0,1.0,0.7595445816405121
300,36969,Курск,Суши,332.0,5.0,5.0,0.8488616179674859
301,26509,Курск,Суши,416.0,3.0,4.0,0.6867337026633321
302,24335,Курск,Шашлыки,18.0,0.0,0.0,0.9130029571242629
303,33618,Курск,Пицца,328.0,5.0,1.0,0.565813224762678
304,23175,Курск,Пицца,152.0,1.0,4.0,0.21689702058211
305,32010,Липецк,Суши,56.0,2.0,0.0,0.150587040930986
306,25867,Липецк,Пицца,263.0,4.0,0.0,0.16060754610225597
307,29461,Липецк,Суши,24.0,2.0,1.0,0.8547632349655029
308,36717,Липецк,Пицца,126.0,5.0,2.0,0.81385757541284
309,26211,Липецк,Пицца,39.0,0.0,0.0,0.407503811176866
310,9279,Липецк,Суши,177.0,1.0,3.0,0.0137422154657543
311,9282,Липецк,Суши,322.0,4.0,8.0,0.85161777632311
312,9274,Липецк,Суши,85.0,2.0,3.0,0.575028465595096
313,37606,Липецк,Суши,30.0,2.0,0.0,0.6531343921087679
314,25775,Липецк,Пицца,185.0,0.0,0.0,0.12937563145533199
315,28050,Липецк,Пицца,12.0,1.0,0.0,0.522431695833802
316,37529,Липецк,Шашлыки,11.0,0.0,0.0,0.0785584817640483
317,9281,Липецк,Суши,343.0,5.0,4.0,0.525067776441574
318,9278,Липецк,Суши,224.0,2.0,0.0,0.219196262769401
319,37148,Магнитогорск,Суши,41.0,0.0,0.0,0.22351331822574103
320,30188,Магнитогорск,Бургеры,7.0,0.0,1.0,0.295359779149294
321,30187,Магнитогорск,Рыба,1.0,0.0,2.0,0.48399581853300294
322,37095,Магнитогорск,Бургеры,8.0,1.0,0.0,0.21531747374683605
323,36534,Магнитогорск,Бургеры,19.0,5.0,2.0,0.6933661201037471
324,30189,Магнитогорск,Пицца,18.0,0.0,0.0,0.723798426333815
325,30185,Магнитогорск,Суши,121.0,5.0,0.0,0.7411140752956271
326,37892,Магнитогорск,Суши,0.0,0.0,0.0,0.32171254185959697
327,26088,Москва,Грузинская,9.0,3.0,0.0,0.634971832390875
328,37262,Москва,Суши,51.0,3.0,0.0,0.543406377546489
329,25618,Москва,Сэндвичи,199.0,3.0,5.0,0.427074399776757
330,36466,Москва,Суши,109.0,6.0,1.0,0.9200221579521891
331,22752,Москва,Фастфуд,2.0,0.0,0.0,0.9045739797875291
332,31520,Москва,Рыба,2.0,1.0,0.0,0.5422583590261639
333,36429,Москва,Пицца,0.0,0.0,1.0,0.9495510705746709
334,24158,Москва,Мясо,13.0,1.0,0.0,0.42926708981394796
335,25479,Москва,Пицца,841.0,8.0,2.0,0.31980592850595696
336,36465,Москва,Суши,355.0,2.0,2.0,0.851915846578777
337,10983,Москва,Японская,93.0,3.0,4.0,0.6382628385908901
338,21268,Москва,Итальянская,3.0,0.0,0.0,0.9089053058996801
339,32903,Москва,Суши,14.0,0.0,0.0,0.0347138764336705
340,37583,Москва,Пицца,11.0,0.0,0.0,0.7197043304331601
341,36880,Набережные Челны,Бургеры,35.0,0.0,0.0,0.19503662036731798
342,33338,Набережные Челны,Шашлыки,4.0,0.0,0.0,0.273620343767107
343,27462,Набережные Челны,Суши,111.0,3.0,3.0,0.809048851486295
344,27860,Набережные Челны,Мясо,22.0,0.0,0.0,0.42425092170015
345,36881,Набережные Челны,Бургеры,49.0,0.0,0.0,0.416383273433894
346,36513,Набережные Челны,Шашлыки,15.0,0.0,0.0,0.12055107997730401
347,37246,Набережные Челны,Суши,254.0,5.0,3.0,0.5392498658038679
348,37640,Набережные Челны,Шашлыки,12.0,0.0,0.0,0.258848421275616
349,36647,Набережные Челны,Пицца,97.0,6.0,2.0,0.22319737076759302
350,36568,Набережные Челны,Пицца,136.0,2.0,2.0,0.22334866737946898
351,27184,Набережные Челны,Пицца,124.0,1.0,1.0,0.240831770934165
352,37359,Набережные Челны,Китайская,35.0,1.0,0.0,0.223172838333994
353,37142,Набережные Челны,Китайская,20.0,1.0,0.0,0.62077272683382
354,27071,Набережные Челны,Суши,66.0,0.0,2.0,0.7765796780586239
355,26564,Нижневартовск,Суши,55.0,2.0,3.0,0.938840320333838
356,30377,Нижневартовск,Суши,95.0,1.0,1.0,0.639757624361664
357,22950,Нижневартовск,Суши,55.0,12.0,18.0,0.763325914740562
358,37211,Нижневартовск,Бургеры,65.0,12.0,2.0,0.5535613074898721
359,23216,Нижневартовск,Японская,102.0,0.0,0.0,0.729622050654143
360,37210,Нижневартовск,Бургеры,103.0,3.0,3.0,0.324645415414125
361,35910,Нижневартовск,Шаурма,0.0,0.0,2.0,0.784321794752032
362,31186,Нижневартовск,Японская,161.0,1.0,2.0,0.6144694704562429
363,36830,Нижневартовск,Суши,100.0,0.0,0.0,0.47320525301620403
364,24041,Нижневартовск,Суши,128.0,1.0,0.0,0.34819685854017696
365,24363,Нижневартовск,Суши,33.0,1.0,1.0,0.0337811117060483
366,31352,Нижневартовск,Суши,35.0,2.0,0.0,0.24410668900236498
367,37809,Нижневартовск,Суши,0.0,2.0,0.0,0.0419748183339834
368,37474,Нижневартовск,Суши,92.0,0.0,0.0,0.7177209523506459
369,22318,Нижний Новгород,Пицца,28.0,1.0,0.0,0.42926800716668395
370,35881,Нижний Новгород,Шашлыки,24.0,0.0,0.0,0.946481191553175
371,23807,Нижний Новгород,Суши,151.0,1.0,3.0,0.7257574121467769
372,22211,Нижний Новгород,Суши,79.0,29.0,20.0,0.603916951920837
373,11583,Нижний Новгород,Пицца,20.0,0.0,0.0,0.870549687650055
374,3850,Нижний Новгород,Шашлыки,64.0,2.0,1.0,0.753824334125966
375,25300,Нижний Новгород,Пицца,42.0,0.0,0.0,0.735275628976524
376,37667,Нижний Новгород,Русская,5.0,0.0,0.0,0.30368314078077696
377,28312,Нижний Новгород,Шашлыки,3.0,0.0,0.0,0.675203803461045
378,11820,Нижний Новгород,Суши,52.0,6.0,0.0,0.235510835424066
379,22651,Нижний Новгород,Грузинская,31.0,0.0,1.0,0.42999130766838795
380,36416,Нижний Новгород,Суши,7.0,0.0,0.0,0.27330442424863605
381,36860,Нижний Новгород,Шашлыки,90.0,0.0,1.0,0.155158190522343
382,15856,Нижний Новгород,Пицца,85.0,9.0,18.0,0.6558805690146979
383,13443,Новокузнецк,Суши,21.0,1.0,0.0,0.344260918907821
384,36226,Новокузнецк,Суши,52.0,3.0,1.0,0.00845266366377473
385,36315,Новокузнецк,Шашлыки,38.0,5.0,2.0,0.0627958928234875
386,35568,Новокузнецк,Суши,31.0,2.0,6.0,0.0991212101653218
387,35855,Новокузнецк,Суши,104.0,4.0,2.0,0.8869315315969292
388,27837,Новосибирск,Суши,116.0,1.0,0.0,0.631873661186546
389,13371,Новосибирск,Пицца,173.0,1.0,1.0,0.7045029187574979
390,3862,Новосибирск,Супы,244.0,4.0,2.0,0.0725487302988768
391,36886,Новосибирск,Мясо,33.0,1.0,1.0,0.46393612027168296
392,37431,Новосибирск,Суши,28.0,1.0,1.0,0.74599096365273
393,34150,Новосибирск,Пицца,351.0,5.0,11.0,0.83987744525075
394,37580,Новосибирск,Пицца,0.0,1.0,0.0,0.571583273354918
395,36418,Новосибирск,Пицца,72.0,1.0,0.0,0.534793706610799
396,37843,Новосибирск,Русская,0.0,0.0,0.0,0.9324463023804129
397,37245,Новосибирск,Суши,87.0,2.0,1.0,0.172805595677346
398,21954,Новосибирск,Китайская,355.0,2.0,4.0,0.217689870391041
399,37001,Новосибирск,Суши,32.0,0.0,0.0,0.47163201961666296
400,29001,Новосибирск,Рыба,50.0,0.0,1.0,0.47664142772555396
401,27835,Новосибирск,Суши,233.0,12.0,5.0,0.22152207419276201
402,12451,Омск,Пицца,29.0,0.0,3.0,0.919875921215862
403,7140,Омск,Суши,150.0,8.0,2.0,0.37889687390998
404,9631,Омск,Суши,1.0,0.0,0.0,0.61491040000692
405,9578,Омск,Бургеры,80.0,5.0,2.0,0.9689189167693258
406,32802,Омск,Суши,306.0,2.0,1.0,0.7384964763186871
407,37806,Омск,Пироги,1.0,0.0,0.0,0.511371320579201
408,27854,Омск,Суши,115.0,6.0,4.0,0.0470812236890197
409,36167,Омск,Суши,1.0,0.0,1.0,0.971100015100092
410,37632,Омск,Грузинская,3.0,0.0,0.0,0.23738118493929503
411,36589,Омск,Суши,20.0,1.0,0.0,0.9965386888943609
412,35558,Омск,Пицца,2.0,1.0,0.0,0.20206856308504897
413,36817,Омск,Суши,127.0,1.0,0.0,0.00021915789693593998
414,25655,Омск,Пироги,6.0,1.0,1.0,0.5953436256386341
415,9642,Омск,Бургеры,1.0,0.0,0.0,0.256213436834514
416,9292,Орел,Суши,251.0,7.0,12.0,0.709788270760328
417,36225,Орел,Суши,321.0,2.0,4.0,0.27036849083378894
418,30204,Орел,Мясо,173.0,3.0,1.0,0.693882769439369
419,26231,Орел,Японская,119.0,1.0,3.0,0.598314231261611
420,24126,Орел,Пицца,482.0,33.0,27.0,0.984310990199447
421,12660,Орел,Шашлыки,42.0,1.0,0.0,0.26344759250059696
422,16157,Орел,Бургеры,506.0,25.0,31.0,0.29111799551174
423,25594,Орел,Суши,18.0,10.0,3.0,0.19834894873201803
424,21771,Орел,Шашлыки,323.0,3.0,3.0,0.24611278437078
425,30956,Орел,Русская,31.0,0.0,1.0,0.615761765744537
426,37190,Орел,Бургеры,57.0,3.0,1.0,0.925850000232458
427,22637,Орел,Пицца,389.0,3.0,4.0,0.19928193604573605
428,29442,Орел,Бургеры,186.0,0.0,0.0,0.5041079595685011
429,11998,Орел,Суши,235.0,10.0,7.0,0.9116886742413041
430,25543,Оренбург,Пицца,40.0,1.0,0.0,0.7443954404443499
431,34289,Оренбург,Пицца,40.0,1.0,0.0,0.090147249866277
432,35010,Оренбург,Суши,4.0,0.0,1.0,0.5712343119084841
433,12415,Оренбург,Суши,58.0,2.0,0.0,0.0874733128584921
434,16453,Оренбург,Суши,82.0,1.0,2.0,0.567680445034057
435,12411,Оренбург,Суши,1401.0,14.0,6.0,0.7100175679661329
436,13223,Оренбург,Японская,331.0,1.0,6.0,0.909200612455606
437,12414,Оренбург,Суши,736.0,17.0,0.0,0.13187623629346498
438,36578,Оренбург,Пицца,247.0,1.0,0.0,0.5112033179029821
439,12465,Оренбург,Сэндвичи,110.0,2.0,1.0,0.6268167668022221
440,36580,Оренбург,Пицца,148.0,2.0,1.0,0.177112781442702
441,37531,Оренбург,Хот-доги,5.0,3.0,3.0,0.51239732792601
442,12418,Оренбург,Суши,29.0,0.0,0.0,0.588146049994975
443,20950,Оренбург,Индийская,0.0,5.0,0.0,0.472375707700849
444,35650,Пенза,Пицца,83.0,2.0,1.0,0.0724114798940718
445,35775,Пенза,Суши,292.0,1.0,0.0,0.24276283942163002
446,22313,Пенза,Суши,95.0,17.0,22.0,0.9213391072116791
447,25282,Пенза,Рыба,77.0,0.0,1.0,0.497438818216324
448,22305,Пенза,Суши,62.0,15.0,7.0,0.941586018074304
449,35440,Пенза,Суши,72.0,4.0,9.0,0.7886491748504341
450,18179,Пенза,Русская,12.0,0.0,0.0,0.87056284956634
451,34889,Пенза,Суши,196.0,0.0,0.0,0.0613962491042912
452,28100,Пенза,Пицца,406.0,4.0,4.0,0.472359222825617
453,36130,Пенза,Суши,136.0,5.0,6.0,0.8554430562071501
454,22220,Пенза,Пицца,15.0,1.0,1.0,0.873516663443297
455,34892,Пенза,Суши,4.0,0.0,0.0,0.796592408325523
456,37282,Пенза,Суши,106.0,1.0,2.0,0.7282875049859291
457,16158,Пенза,Суши,173.0,2.0,1.0,0.6095897075720129
458,35207,Пермь,Японская,159.0,8.0,2.0,0.22617534315213603
459,24065,Пермь,Пицца,25.0,0.0,0.0,0.282590524759144
460,28458,Пермь,Шашлыки,30.0,1.0,3.0,0.0612471369095147
461,5403,Пермь,Пицца,70.0,3.0,3.0,0.582760896068066
462,32449,Пермь,Русская,21.0,0.0,0.0,0.348025322426111
463,35754,Пермь,Бургеры,4.0,2.0,0.0,0.19728708919137697
464,36221,Пермь,Суши,2.0,0.0,0.0,0.37525484012439797
465,23367,Пермь,Пицца,100.0,0.0,1.0,0.0919662150554359
466,37301,Пермь,Шаурма,48.0,0.0,1.0,0.7254401873797179
467,37565,Пермь,Пироги,14.0,0.0,1.0,0.925624365452677
468,37615,Пермь,Суши,27.0,1.0,0.0,0.9143952652812
469,18086,Пермь,Суши,341.0,12.0,5.0,0.7243250687606629
470,31288,Пермь,Бургеры,300.0,5.0,3.0,0.0654883463867009
471,36518,Пермь,Суши,135.0,4.0,1.0,0.437252190429717
472,28812,Петрозаводск,Пицца,80.0,3.0,1.0,0.180882391985506
473,33306,Петрозаводск,Суши,100.0,1.0,0.0,0.6245379620231689
474,37926,Петрозаводск,Пицца,0.0,0.0,0.0,0.0271983696147799
475,34128,Петрозаводск,Пицца,74.0,0.0,0.0,0.15393982920795699
476,28794,Петрозаводск,Суши,205.0,4.0,3.0,0.0100864856503904
477,28801,Петрозаводск,Японская,87.0,1.0,1.0,0.34179510595277
478,37687,Петрозаводск,Суши,20.0,1.0,1.0,0.29911368992179604
479,23480,Ростов-на-Дону,Бургеры,30.0,0.0,1.0,0.653780615888536
480,35196,Ростов-на-Дону,Бургеры,14.0,0.0,1.0,0.469901429954916
481,35827,Ростов-на-Дону,Пицца,155.0,0.0,1.0,0.15332488482818
482,16355,Ростов-на-Дону,Пицца,341.0,7.0,11.0,0.295033953152597
483,36122,Ростов-на-Дону,Суши,485.0,4.0,3.0,0.558773526456207
484,37865,Ростов-на-Дону,Суши,82.0,0.0,2.0,0.8223161902278661
485,7531,Ростов-на-Дону,Пицца,226.0,2.0,4.0,0.336156543344259
486,13697,Ростов-на-Дону,Китайская,8.0,5.0,2.0,0.458859043195844
487,36926,Ростов-на-Дону,Бургеры,48.0,5.0,8.0,0.391692101955414
488,33913,Ростов-на-Дону,Пицца,361.0,1.0,4.0,0.84338220115751
489,36507,Ростов-на-Дону,Суши,59.0,0.0,0.0,0.851090284064412
490,20616,Ростов-на-Дону,Рыба,174.0,1.0,2.0,0.138110351283103
491,37754,Ростов-на-Дону,Бургеры,14.0,0.0,0.0,0.533257885370404
492,31139,Ростов-на-Дону,Суши,250.0,4.0,1.0,0.6799613935872909
493,27396,Рязань,Суши,194.0,1.0,2.0,0.7184498663991691
494,25022,Рязань,Рыба,293.0,0.0,2.0,0.161358678713441
495,23862,Рязань,Пицца,422.0,4.0,4.0,0.582328365650028
496,36346,Рязань,Суши,18.0,1.0,0.0,0.6283551552332939
497,35776,Рязань,Суши,195.0,2.0,3.0,0.840437450446188
498,25092,Рязань,Рыба,211.0,4.0,3.0,0.67402104428038
499,23533,Рязань,Суши,635.0,4.0,4.0,0.916519408114254
500,10225,Рязань,Суши,199.0,2.0,2.0,0.934809974394739
501,35647,Рязань,Суши,259.0,4.0,1.0,0.315104127395898
502,30112,Рязань,Пицца,146.0,9.0,8.0,0.0246213059872389
503,25031,Рязань,Рыба,168.0,0.0,1.0,0.17845840891823198
504,37046,Рязань,Пицца,532.0,11.0,10.0,0.426442899741232
505,31865,Рязань,Рыба,116.0,0.0,0.0,0.956217198632658
506,13435,Рязань,Пицца,670.0,15.0,5.0,0.0322933569550514
507,19487,Самара,Мясо,17.0,0.0,1.0,0.9095110776834191
508,37741,Самара,Фастфуд,4.0,0.0,0.0,0.662181577179581
509,7821,Самара,Пицца,40.0,1.0,0.0,0.984060395043343
510,8491,Самара,Паста и ризотто,38.0,0.0,0.0,0.242990505881608
511,20935,Самара,Пицца,1298.0,63.0,44.0,0.10416463203728199
512,3586,Самара,Пицца,130.0,0.0,3.0,0.31776081258431105
513,35493,Самара,Суши,69.0,2.0,1.0,0.15857057878747596
514,28572,Самара,Шашлыки,1.0,1.0,2.0,0.0688778660260141
515,30425,Самара,Пицца,135.0,1.0,1.0,0.28629124769941
516,12235,Самара,Суши,779.0,32.0,51.0,0.204045299440622
517,19345,Самара,Паста и ризотто,11.0,0.0,0.0,0.5358555833809079
518,19140,Самара,Суши,117.0,0.0,0.0,0.502697803080082
519,8781,Самара,Суши,91.0,3.0,0.0,0.974673073738813
520,28986,Самара,Шаурма,93.0,1.0,1.0,0.396554234437644
521,24049,Санкт-Петербург,Мясо,1.0,0.0,1.0,0.7693472658284009
522,23169,Санкт-Петербург,Пироги,34.0,0.0,0.0,0.878856021445245
523,20947,Санкт-Петербург,Суши,77.0,0.0,1.0,0.19745263131335397
524,5044,Санкт-Петербург,Суши,2.0,0.0,0.0,0.904025668278337
525,23117,Санкт-Петербург,Суши,1257.0,6.0,17.0,0.8528883447870609
526,25285,Санкт-Петербург,Шаурма,2.0,1.0,1.0,0.894630272407085
527,18119,Санкт-Петербург,Суши,4.0,1.0,0.0,0.513879406265914
528,8810,Санкт-Петербург,Суши,328.0,16.0,4.0,0.633565197233111
529,28847,Санкт-Петербург,Мясо,7.0,1.0,4.0,0.407559453509748
530,36443,Санкт-Петербург,Бургеры,111.0,2.0,8.0,0.43336512148380296
531,21346,Санкт-Петербург,Пицца,50.0,0.0,0.0,0.6621717554517089
532,31957,Санкт-Петербург,Вегетарианское меню,12.0,7.0,4.0,0.159945655148476
533,16083,Санкт-Петербург,Пироги,11.0,0.0,0.0,0.9310431005433198
534,13287,Санкт-Петербург,Суши,36.0,8.0,9.0,0.9696568143554029
535,31767,Саратов,Рыба,179.0,2.0,2.0,0.0127486423589289
536,16318,Саратов,Пицца,206.0,2.0,2.0,0.7061925600282851
537,25491,Саратов,Шашлыки,72.0,0.0,0.0,0.38489960599690703
538,25138,Саратов,Суши,193.0,4.0,1.0,0.920386979356408
539,29341,Саратов,Суши,331.0,1.0,0.0,0.0215020305477083
540,36930,Саратов,Бургеры,386.0,2.0,3.0,0.240476611535996
541,36051,Саратов,Бургеры,58.0,1.0,0.0,0.32058797311037796
542,14404,Саратов,Выпечка,24.0,1.0,0.0,0.447712009306997
543,5469,Саратов,Суши,617.0,28.0,26.0,0.482954714912921
544,34835,Саратов,Суши,203.0,4.0,5.0,0.59831654978916
545,35791,Саратов,Суши,82.0,0.0,0.0,0.173897517379373
546,20223,Саратов,Пицца,299.0,13.0,12.0,0.707963870838284
547,37703,Саратов,Суши,4.0,1.0,0.0,0.366143935825676
548,34681,Саратов,Суши,71.0,0.0,1.0,0.85809773998335
549,36295,Смоленск,Суши,11.0,0.0,0.0,0.204308961052448
550,36892,Смоленск,Бургеры,72.0,3.0,2.0,0.692685240879655
551,32990,Смоленск,Пицца,116.0,2.0,1.0,0.8021062766201791
552,36891,Смоленск,Бургеры,44.0,1.0,1.0,0.9496602904982859
553,27475,Смоленск,Рыба,14.0,0.0,0.0,0.42869750084355496
554,37815,Смоленск,Пицца,11.0,0.0,0.0,0.37449527950957395
555,36301,Смоленск,Суши,6.0,1.0,0.0,0.19379154359921802
556,36287,Смоленск,Пицца,58.0,0.0,0.0,0.408729539252818
557,36893,Смоленск,Бургеры,178.0,1.0,1.0,0.734961845446378
558,27461,Смоленск,Суши,261.0,7.0,3.0,0.19357435312122098
559,36482,Смоленск,Бургеры,87.0,2.0,4.0,0.428060139529407
560,35600,Смоленск,Суши,125.0,3.0,2.0,0.489017429295927
561,27460,Смоленск,Суши,64.0,1.0,2.0,0.685589641332626
562,27478,Смоленск,Рыба,7.0,0.0,1.0,0.0193149936385453
563,35874,Сочи,Суши,107.0,1.0,1.0,0.20976208429783602
564,35188,Сочи,Пироги,185.0,3.0,2.0,0.0481627429835498
565,25550,Сочи,Суши,75.0,0.0,3.0,0.590393291320652
566,37179,Сочи,Бургеры,94.0,3.0,2.0,0.5832151644863189
567,35799,Сочи,Пицца,185.0,2.0,0.0,0.529184145852923
568,35908,Сочи,Пицца,180.0,2.0,2.0,0.10546700656414
569,27780,Сочи,Пицца,3.0,1.0,1.0,0.182208274956793
570,27437,Сочи,Пицца,53.0,5.0,7.0,0.336591597180814
571,32727,Сочи,Суши,162.0,2.0,2.0,0.0331165720708668
572,37432,Сочи,Бургеры,9.0,0.0,1.0,0.59166020154953
573,37651,Сочи,Суши,0.0,1.0,0.0,0.321812629699707
574,16251,Сочи,Суши,294.0,7.0,13.0,0.00635381648316979
575,35716,Сочи,Пицца,106.0,2.0,0.0,0.519921122118831
576,36866,Сочи,Суши,3.0,1.0,0.0,0.009571499656885859
577,35711,Ставрополь,Бургеры,61.0,0.0,1.0,0.21563827851787198
578,30560,Ставрополь,Суши,19.0,0.0,0.0,0.6612350484356279
579,19186,Ставрополь,Рыба,60.0,0.0,1.0,0.8023326289840039
580,35971,Ставрополь,Пицца,16.0,1.0,1.0,0.8775406572967769
581,16977,Ставрополь,Суши,242.0,5.0,6.0,0.293886877596378
582,26540,Ставрополь,Суши,0.0,0.0,3.0,0.36314588133245707
583,16990,Ставрополь,Суши,89.0,1.0,1.0,0.42706286441534796
584,16974,Ставрополь,Пицца,221.0,4.0,1.0,0.618309948593378
585,16987,Ставрополь,Суши,235.0,6.0,8.0,0.42522932263091207
586,35710,Ставрополь,Бургеры,84.0,2.0,2.0,0.0372024648822844
587,20015,Ставрополь,Пицца,41.0,3.0,0.0,0.47038321942090994
588,37850,Ставрополь,Бургеры,0.0,0.0,0.0,0.0923133282922208
589,35751,Ставрополь,Бургеры,231.0,1.0,3.0,0.9052208159118891
590,17503,Ставрополь,Японская,185.0,0.0,1.0,0.362216491717845
591,37202,Стерлитамак,Бургеры,17.0,1.0,0.0,0.863595811650157
592,37201,Стерлитамак,Бургеры,4.0,0.0,0.0,0.602937061805278
593,37550,Стерлитамак,Суши,23.0,0.0,0.0,0.9100956954061991
594,17774,Сургут,Суши,58.0,2.0,2.0,0.185706407763064
595,16979,Сургут,Сэндвичи,68.0,5.0,2.0,0.37090725079178793
596,27855,Сургут,Суши,234.0,7.0,5.0,0.9024529145099219
597,22935,Сургут,Суши,27.0,4.0,3.0,0.35375415813177796
598,16992,Сургут,Суши,1.0,0.0,0.0,0.479988311417401
599,16982,Сургут,Суши,13.0,1.0,0.0,0.0035309386439621396
600,36511,Сургут,Пицца,21.0,1.0,1.0,0.8610172849148509
601,28793,Сургут,Пицца,17.0,1.0,0.0,0.36286025494337104
602,21592,Сургут,Суши,93.0,1.0,1.0,0.742219882085919
603,37421,Сургут,Шашлыки,20.0,0.0,4.0,0.07058603176847099
604,16993,Сургут,Суши,6.0,0.0,1.0,0.37682131258770796
605,17780,Сургут,Суши,27.0,1.0,0.0,0.298585744109005
606,22947,Сургут,Суши,31.0,2.0,2.0,0.7904871837235992
607,37172,Сургут,Бургеры,8.0,0.0,1.0,0.9002460776828229
608,37567,Тверь,Пицца,16.0,1.0,1.0,0.18799745431169898
609,36434,Тверь,Пицца,184.0,2.0,2.0,0.7887464957311751
610,13417,Тверь,Суши,88.0,0.0,1.0,0.30751625448465303
611,18002,Тверь,Пицца,407.0,1.0,2.0,0.719499878585339
612,36862,Тверь,Суши,3.0,4.0,1.0,0.593288243748248
613,37490,Тверь,Суши,245.0,4.0,1.0,0.682210597675294
614,30407,Тверь,Бургеры,109.0,2.0,5.0,0.6919366726651789
615,16336,Тверь,Пицца,265.0,3.0,3.0,0.282679218333215
616,18358,Тверь,Пицца,337.0,5.0,10.0,0.48316082358360296
617,12538,Тверь,Суши,79.0,2.0,1.0,0.912382642738521
618,36967,Тверь,Десерты,0.0,2.0,1.0,0.0621038489043713
619,21154,Тверь,Шашлыки,7.0,3.0,2.0,0.99107705289498
620,35441,Тверь,Пироги,166.0,2.0,0.0,0.11391567159444099
621,14161,Тверь,Суши,445.0,17.0,23.0,0.980947634670883
622,28697,Тольятти,Суши,54.0,0.0,0.0,0.647487010341138
623,10201,Тольятти,Суши,27.0,0.0,0.0,0.6734145032241939
624,33782,Тольятти,Фастфуд,17.0,0.0,0.0,0.184737695381045
625,10196,Тольятти,Суши,118.0,3.0,0.0,0.8089515413157641
626,9726,Тольятти,Японская,461.0,0.0,4.0,0.8381507708691059
627,9226,Тольятти,Суши,294.0,1.0,1.0,0.00755409384146333
628,34436,Тольятти,Бургеры,22.0,0.0,2.0,0.375496081076562
629,29325,Тольятти,Рыба,58.0,3.0,1.0,0.9843128249049191
630,26328,Тольятти,Индийская,75.0,0.0,2.0,0.8122599311172959
631,30176,Тольятти,Рыба,15.0,0.0,0.0,0.548102186527103
632,9878,Тольятти,Супы,14.0,0.0,2.0,0.888342132326216
633,13882,Тольятти,Супы,480.0,14.0,3.0,0.847036866936833
634,29631,Тольятти,Суши,602.0,11.0,10.0,0.5656201713718471
635,27217,Тольятти,Рыба,76.0,1.0,0.0,0.13447620999068
636,37375,Томск,Шашлыки,6.0,0.0,0.0,0.9818376228213309
637,23941,Томск,Шаурма,33.0,0.0,0.0,0.943438488524407
638,27611,Томск,Пицца,91.0,2.0,1.0,0.54952379828319
639,27268,Томск,Супы,81.0,2.0,2.0,0.322566539980471
640,18990,Томск,Суши,169.0,3.0,3.0,0.221508117392659
641,35700,Томск,Суши,56.0,0.0,1.0,0.279596383217722
642,35974,Томск,Пицца,4.0,6.0,4.0,0.8871095520444209
643,37908,Томск,Суши,1.0,0.0,0.0,0.34792085271328693
644,25235,Томск,Пицца,66.0,2.0,3.0,0.964187330100685
645,24670,Томск,Суши,100.0,1.0,1.0,0.9676768328063191
646,36341,Томск,Пироги,4.0,0.0,0.0,0.785134516190737
647,15957,Томск,Суши,1.0,0.0,0.0,0.7804948231205341
648,36053,Томск,Пицца,47.0,0.0,0.0,0.369656663388014
649,16668,Томск,Супы,18.0,0.0,0.0,0.622705425135791
650,36758,Тула,Бургеры,74.0,1.0,2.0,0.570899179205298
651,11216,Тула,Суши,18.0,1.0,0.0,0.0299843917600811
652,37427,Тула,Суши,125.0,0.0,2.0,0.928895669989288
653,36865,Тула,Пицца,36.0,1.0,1.0,0.346270471811295
654,21915,Тула,Узбекская,6.0,1.0,2.0,0.706572051160038
655,30197,Тула,Суши,51.0,0.0,1.0,0.515761426184326
656,25369,Тула,Пицца,205.0,38.0,18.0,0.24617969337850798
657,29406,Тула,Русская,919.0,7.0,2.0,0.947026547044516
658,37506,Тула,Суши,26.0,0.0,5.0,0.5612338799983261
659,26670,Тула,Пицца,33.0,1.0,0.0,0.128110465127975
660,8475,Тула,Суши,377.0,7.0,4.0,0.0472839376889169
661,35259,Тула,Суши,469.0,5.0,2.0,0.6940179546363651
662,20730,Тула,Бургеры,106.0,3.0,4.0,0.750833776313812
663,8440,Тула,Пицца,450.0,15.0,5.0,0.47003922378644303
664,22851,Тюмень,Суши,93.0,10.0,22.0,0.126158650964499
665,36900,Тюмень,Бургеры,37.0,1.0,2.0,0.7767316307872529
666,37678,Тюмень,Пицца,1.0,0.0,0.0,0.5441619129851459
667,14396,Тюмень,Пицца,612.0,1.0,3.0,0.145049817394465
668,37766,Тюмень,Суши,13.0,0.0,1.0,0.6881607864052061
669,37441,Тюмень,Грузинская,131.0,0.0,0.0,0.22358226729556896
670,36829,Тюмень,Суши,13.0,4.0,2.0,0.132030538283288
671,26525,Тюмень,Пицца,17.0,3.0,4.0,0.0102746686898172
672,14892,Тюмень,Суши,153.0,3.0,5.0,0.21152620809152697
673,30336,Тюмень,Русская,25.0,1.0,2.0,0.21771584404632396
674,8277,Тюмень,Пицца,62.0,5.0,2.0,0.600674218963832
675,8570,Тюмень,Суши,293.0,6.0,0.0,0.6833215323276821
676,31239,Тюмень,Сэндвичи,241.0,4.0,2.0,0.20817557862028502
677,37689,Тюмень,Пицца,30.0,1.0,1.0,0.18186203204095397
678,32763,Ульяновск,Суши,34.0,1.0,0.0,0.51098723243922
679,37123,Ульяновск,Суши,79.0,1.0,3.0,0.206969126593322
680,32003,Ульяновск,Шашлыки,39.0,2.0,3.0,0.797023910097778
681,37077,Ульяновск,Пицца,1.0,1.0,0.0,0.495377317536622
682,31960,Ульяновск,Пицца,73.0,1.0,0.0,0.17624020203948002
683,32004,Ульяновск,Рыба,54.0,1.0,0.0,0.0137918279506266
684,37116,Ульяновск,Сэндвичи,94.0,1.0,0.0,0.18424721295014002
685,37124,Ульяновск,Суши,79.0,0.0,0.0,0.6728444802574809
686,35807,Ульяновск,Паназиатская,1.0,1.0,2.0,0.619630633387715
687,37215,Ульяновск,Бургеры,66.0,2.0,1.0,0.0275515508837998
688,37213,Ульяновск,Бургеры,71.0,13.0,3.0,0.0830629337579012
689,32609,Ульяновск,Суши,40.0,2.0,2.0,0.34960115654394003
690,34086,Ульяновск,Пицца,19.0,1.0,2.0,0.17339386511594101
691,32614,Ульяновск,Китайская,86.0,1.0,1.0,0.0397918913513422
692,5804,Уфа,Пицца,265.0,5.0,2.0,0.418675893452018
693,20770,Уфа,Пицца,142.0,6.0,4.0,0.282162702642381
694,8552,Уфа,Пицца,1644.0,19.0,32.0,0.782815781887621
695,34646,Уфа,Мясо,2.0,0.0,1.0,0.202433852944523
696,37481,Уфа,Бургеры,105.0,2.0,0.0,0.0478261029347777
697,12491,Уфа,Шашлыки,7.0,0.0,4.0,0.6737302402034399
698,36193,Уфа,Пицца,173.0,0.0,5.0,0.4185663657262921
699,23938,Уфа,Суши,6.0,0.0,0.0,0.298073589336127
700,9033,Уфа,Пицца,311.0,2.0,3.0,0.8410835452377801
701,22028,Уфа,Пицца,208.0,2.0,1.0,0.8006483209319409
702,29196,Уфа,Суши,66.0,0.0,2.0,0.641020394396037
703,35334,Уфа,Пицца,2.0,0.0,0.0,0.761318331584334
704,19311,Уфа,Суши,361.0,0.0,1.0,0.5275849387981
705,16350,Уфа,Пироги,22.0,2.0,1.0,0.5970240249298511
706,36027,Хабаровск,Бургеры,91.0,0.0,0.0,0.22366055380553
707,37595,Хабаровск,Японская,5.0,2.0,0.0,0.266511910129339
708,30365,Хабаровск,Японская,134.0,3.0,0.0,0.0535571072250605
709,37785,Хабаровск,Суши,1.0,0.0,0.0,0.403190561104566
710,9914,Хабаровск,Суши,178.0,3.0,1.0,0.473592793568969
711,37736,Хабаровск,Суши,16.0,8.0,5.0,0.029918176587671
712,12672,Хабаровск,Мясо,179.0,7.0,1.0,0.296012030914426
713,37410,Хабаровск,Китайская,6.0,0.0,0.0,0.764180281199515
714,37258,Хабаровск,Суши,39.0,2.0,0.0,0.723890312947333
715,23211,Хабаровск,Японская,60.0,0.0,0.0,0.0541910054162145
716,20527,Хабаровск,Китайская,132.0,2.0,0.0,0.9240398705005649
717,24072,Хабаровск,Суши,43.0,3.0,2.0,0.7876079850830141
718,37110,Хабаровск,Суши,28.0,3.0,2.0,0.12676842091605098
719,35626,Хабаровск,Суши,42.0,0.0,3.0,0.7574322540313009
720,37174,Ханты-Мансийск,Бургеры,26.0,0.0,0.0,0.187904376536608
721,37924,Ханты-Мансийск,Суши,0.0,0.0,0.0,0.368398476857692
722,36471,Чебоксары,Пицца,7.0,0.0,0.0,0.6103356885723771
723,36702,Чебоксары,Пицца,5.0,1.0,0.0,0.34520826116204306
724,36439,Чебоксары,Мясо,137.0,1.0,0.0,0.196426136884838
725,36493,Чебоксары,Бургеры,66.0,0.0,0.0,0.181408117059618
726,36899,Чебоксары,Бургеры,34.0,1.0,2.0,0.38938061241060495
727,36490,Чебоксары,Пицца,44.0,1.0,1.0,0.11823876621201598
728,37135,Чебоксары,Пицца,30.0,3.0,0.0,0.492982005700469
729,36438,Чебоксары,Пицца,150.0,8.0,6.0,0.407833023462445
730,36701,Чебоксары,Суши,53.0,9.0,4.0,0.24354932503774804
731,36442,Чебоксары,Суши,68.0,0.0,0.0,0.711247650440782
732,36896,Чебоксары,Бургеры,23.0,9.0,5.0,0.0812323172576725
733,25778,Челябинск,Шашлыки,31.0,1.0,1.0,0.1970205437392
734,35927,Челябинск,Суши,21.0,3.0,0.0,0.422156915999949
735,7737,Челябинск,Пицца,138.0,3.0,7.0,0.7602364826016129
736,10810,Челябинск,Суши,13.0,0.0,0.0,0.8637955994345251
737,35934,Челябинск,Рыба,14.0,1.0,0.0,0.329978859983385
738,7120,Челябинск,Супы,37.0,0.0,1.0,0.297170744743198
739,25389,Челябинск,Суши,77.0,0.0,1.0,0.28152555553242603
740,21573,Челябинск,Суши,9.0,1.0,1.0,0.304467980284244
741,35094,Челябинск,Суши,25.0,0.0,0.0,0.61635009618476
742,7119,Челябинск,Пицца,701.0,16.0,4.0,0.222469318658113
743,34042,Челябинск,Пицца,2.0,0.0,0.0,0.850900737568736
744,14928,Челябинск,Пицца,30.0,1.0,3.0,0.23253710381686699
745,35391,Челябинск,Пицца,23.0,0.0,0.0,0.491147362627089
746,36485,Челябинск,Пицца,8.0,0.0,0.0,0.26049715792760303
747,33579,Череповец,Суши,86.0,0.0,1.0,0.184554090723395
748,33661,Череповец,Суши,82.0,1.0,0.0,0.31935175321996195
749,33936,Череповец,Суши,52.0,3.0,7.0,0.404155497904867
750,35338,Череповец,Пицца,5.0,0.0,1.0,0.172253717202693
751,37743,Череповец,Пицца,12.0,0.0,0.0,0.802142890635878
752,33583,Череповец,Суши,64.0,1.0,0.0,0.9911521086469292
753,37753,Череповец,Суши,1.0,0.0,0.0,0.6637075738981371
754,33853,Череповец,Суши,46.0,1.0,2.0,0.5795204052701589
755,35172,Череповец,Итальянская,19.0,1.0,0.0,0.48662584181874996
756,5533,Энгельс,Пицца,96.0,2.0,0.0,0.0305727636441588
757,36735,Энгельс,Пицца,33.0,0.0,2.0,0.302090667188168
758,21610,Энгельс,Суши,489.0,8.0,2.0,0.6675758403725921
759,16246,Энгельс,Суши,179.0,0.0,2.0,0.213877090252936
760,14400,Энгельс,Суши,14.0,0.0,1.0,0.7545998855493959
761,29300,Энгельс,Суши,137.0,2.0,1.0,0.69044152321294
762,9920,Энгельс,Мясо,63.0,0.0,1.0,0.763824096415192
763,5264,Энгельс,Пицца,346.0,4.0,0.0,0.10734850075095899
764,37677,Энгельс,Суши,36.0,4.0,1.0,0.209407848771662
765,36827,Энгельс,Десерты,2.0,0.0,0.0,0.3970887907780711
766,22659,Энгельс,Суши,207.0,4.0,0.0,0.839513615239412
767,17416,Энгельс,Суши,296.0,4.0,1.0,0.258791612926871
768,36748,Энгельс,Пицца,42.0,1.0,1.0,0.8126028203405441
769,36475,Энгельс,Бургеры,168.0,2.0,2.0,0.158811680506915
770,36353,Ярославль,Суши,48.0,1.0,1.0,0.830064825713634
771,36348,Ярославль,Суши,63.0,0.0,0.0,0.708083956036717
772,31076,Ярославль,Суши,312.0,3.0,4.0,0.31614432297646994
773,25848,Ярославль,Японская,309.0,1.0,3.0,0.598771469201893
774,35868,Ярославль,Суши,35.0,1.0,0.0,0.6021596188656989
775,30317,Ярославль,Суши,93.0,9.0,4.0,0.0130518758669496
776,29756,Ярославль,Бургеры,168.0,0.0,1.0,0.942413157317787
777,36105,Ярославль,Суши,122.0,5.0,1.0,0.370231656823307
778,34523,Ярославль,Фастфуд,66.0,0.0,0.0,0.24208385217934802
779,35869,Ярославль,Суши,105.0,3.0,1.0,0.5216262694448229
780,24614,Ярославль,Суши,116.0,8.0,2.0,0.222414005547762
781,28675,Ярославль,Пицца,86.0,6.0,2.0,0.0906587140634656
782,24949,Ярославль,Японская,459.0,8.0,0.0,0.513563687447459
783,28676,Ярославль,Пицца,109.0,10.0,2.0,0.16466168966144298
